bts_count,Time,OnControl1,OnControl2,Total_val,AverageLatency1,AverageLinkFailure1,Transparency1,AverageLatency2,AverageLinkFailure2,Transparency2
5,160.87,1.6,2.2,0.26214,0.00469,0.29364,0.060033,0.0047314,0.29364,0.12968
10,238.73,3.2,3,0.22154,0.0058975,0.29364,0.03008,0.0055083,0.29364,0.035846
15,327.77,4.6,5.2,0.21266,0.0055798,0.29364,0.017143,0.0054679,0.29364,0.022528
20,426,6.4,7.4,0.21293,0.0056126,0.29364,0.012436,0.0058192,0.29364,0.027652
25,472.01,7.2,8,0.21369,0.0057788,0.29364,0.031156,0.0055751,0.29364,0.011295
30,510.26,7.2,7.4,0.21096,0.0061557,0.29364,0.017498,0.0055116,0.29364,0.016433
35,609.2,12.6,10,0.21518,0.0057977,0.29364,0.02031,0.0059123,0.29364,0.026237
