bts_count,Time,OnControl1,OnControl2,Total_val,AverageLatency1,AverageLinkFailure1,Transparency1,AverageLatency2,AverageLinkFailure2,Transparency2
5,47.027,1,1,0.20235,0.005901,0.29364,0.005303,0.0058112,0.29364,0.0027669
10,51.808,2.4,2.8,0.20176,0.0055301,0.29364,0.0042047,0.005624,0.29364,0.002655
15,49.465,7.2,6.8,0.20429,0.0053713,0.29364,0.0096151,0.0058759,0.29364,0.0047292
20,66.338,7.2,6.2,0.20601,0.0064033,0.29364,0.0083475,0.0057481,0.29364,0.010263
25,50.705,8.4,9,0.2034,0.0061743,0.29364,0.0080144,0.005643,0.29364,0.003082
30,92.656,8,6.2,0.20412,0.0056087,0.29364,0.0065803,0.0071408,0.29364,0.0057446
35,99.054,11.2,14.6,0.20239,0.0052981,0.29364,0.0068051,0.0061997,0.29364,0.0016057
