bts_count,Time,OnControl1,OnControl2,Total_val,AverageLatency1,AverageLinkFailure1,Transparency1,AverageLatency2,AverageLinkFailure2,Transparency2
5,39.458,1.6,0,0.37879,0.0026837,0.56002,0.0095399,0.0040961,0.56002,0
10,51.287,1.8,3.4,0.38157,0.0032238,0.56002,0.012502,0.0029397,0.56002,0.0059958
15,44.198,9,9.2,0.37829,0.0030038,0.56002,0.0031326,0.0029483,0.56002,0.0057306
20,72.079,5.2,6.4,0.37986,0.0026076,0.56002,0.0096045,0.0026687,0.56002,0.0046659
25,70.798,8.4,8.6,0.38106,0.0026426,0.56002,0.0092882,0.0027551,0.56002,0.0084514
30,58.141,11.4,11.2,0.37945,0.0031167,0.56002,0.0063207,0.0030385,0.56002,0.0058493
35,88.174,12.6,12.8,0.3784,0.0033036,0.56002,0.0074041,0.0026031,0.56002,0.0018355
