index,x1,y1,x2,y2,x3,y3,x4,y4,x5,y5,x6,y6,x7,y7,x8,y8,x9,y9,x10,y10,is_on1,is_on2,is_on3,is_on4,is_on5,is_on6,is_on7,is_on8,is_on9,is_on10,Time,Total_val,AverageLatency1,AverageLinkFailure1,Transparency1,AverageLatency2,AverageLinkFailure2,Transparency2,OnControl1,OnControl2
1,247.29,16.737,234.85,4.5444,170.96,195.93,133.53,221.34,224.75,156.48,34.467,54.45,45.535,10.455,26.735,154.11,234.92,88.614,102.66,246.09,0.49999,0.49997,0.5,0.49998,0.49993,0.49997,0.49992,0.49993,0.49997,0.49995,214.43,0.22799,0.0055382,0.29364,0.077763,0.0054492,0.29364,0.0079419,4,3
2,249.21,138.39,128.86,82.671,107.5,122.95,17.759,221.93,16.158,109.05,206.66,98.634,153.37,204.66,221.56,232.78,47.696,64.646,224.47,148.34,0.49995,0.49996,0.49998,0.49995,0.49992,0.49995,0.49994,0.5,0.49996,0.49997,217.87,0.22553,0.0057896,0.29364,0.035897,0.0051768,0.29364,0.042447,4,3
3,206.64,169.22,51.901,79.526,33.453,167.87,142.75,42.442,36.914,119.02,227.03,138.04,8.235,13.466,201.27,112.84,95.662,197.41,91.072,133.09,0.49997,0.49999,0.49993,0.49997,0.5,0.49991,0.49996,0.49994,0.49993,0.49993,231.59,0.24024,0.0061876,0.29364,0.030369,0.0058982,0.29364,0.090988,4,1
4,72.616,100.64,215.51,153.68,247.8,50.925,206.8,168.97,62.237,118.95,99.769,149.86,200.13,26.267,205.36,210.27,88.627,107.52,143.06,175.21,0.49997,0.49998,0.49994,0.49994,0.5,0.49996,0.49998,0.49993,0.49996,0.49996,256.88,0.20667,0.0059777,0.29364,0.0045772,0.0054965,0.29364,0.016687,3,4
5,137.7,217.73,10.563,226.18,32.744,208.43,200.12,229.47,34.326,126.18,101.24,43.393,143.8,151.55,53.611,129.98,247.3,122.48,173.72,102.86,0.4999,0.49993,0.49998,0.49993,0.49991,0.49995,0.49994,0.49997,0.49995,0.49998,272.87,0.20725,0.0059944,0.29364,0.0017941,0.0055207,0.29364,0.021164,1,4
