index,x1,y1,x2,y2,x3,y3,x4,y4,x5,y5,x6,y6,is_on1,is_on2,is_on3,is_on4,is_on5,is_on6,Time,Total_val,AverageLatency1,AverageLinkFailure1,Transparency1,AverageLatency2,AverageLinkFailure2,Transparency2,OnControl1,OnControl2
1,163.94,8.9279,212.28,233.5,169.68,189.44,185.78,98.057,163.87,42.797,176.51,7.9582,0.49993,0.4999,0.49991,0.49998,0.49997,0.49993,145.6,0.22551,0.0045375,0.29364,0,0.0046315,0.29364,0.080081,0,2
2,56.916,108.92,77.776,230.84,107.55,46.204,226.22,244.94,109.72,27.78,64.516,102.18,0.49996,0.49993,0.49996,0.49997,0.49992,0.49991,148.94,0.27498,0.0052752,0.29364,0.16258,0.004006,0.29364,0.065795,2,1
3,132.83,81.286,26.407,152.74,194.7,105.86,22.706,66.618,38.414,70.251,110.02,131.79,0.49995,0.49999,0.49995,0.49999,0.49996,0.5,171.28,0.31112,0.0048621,0.29364,0.071545,0.0054213,0.29364,0.26425,2,3
4,200.34,56.961,124.52,225.21,143.67,211.29,184.66,146.5,61.684,166.6,20.871,156.49,0.49997,0.49997,0.49999,0.5,0.49998,0.49996,159.85,0.23765,0.0044962,0.29364,0.0090994,0.0047483,0.29364,0.10732,3,3
5,183.74,242.65,216.73,21.559,91.609,92.3,171.26,149.49,197.34,91.913,51.507,21.667,0.49998,0.49992,0.49994,0.49996,0.49992,0.49996,178.69,0.26144,0.0042791,0.29364,0.05694,0.0048498,0.29364,0.13097,1,2
