index,x1,y1,x2,y2,x3,y3,x4,y4,x5,y5,x6,y6,x7,y7,x8,y8,x9,y9,x10,y10,x11,y11,x12,y12,x13,y13,x14,y14,x15,y15,x16,y16,x17,y17,x18,y18,x19,y19,x20,y20,x21,y21,x22,y22,x23,y23,x24,y24,is_on1,is_on2,is_on3,is_on4,is_on5,is_on6,is_on7,is_on8,is_on9,is_on10,is_on11,is_on12,is_on13,is_on14,is_on15,is_on16,is_on17,is_on18,is_on19,is_on20,is_on21,is_on22,is_on23,is_on24,Time,Total_val,AverageLatency1,AverageLinkFailure1,Transparency1,AverageLatency2,AverageLinkFailure2,Transparency2,OnControl1,OnControl2
1,125,125,125,125,125,125,125,125,125,125,125,125,125,125,125,125,125,125,125,125,125,125,125,125,125,125,125,125,125,125,125,125,125,125,125,125,125,125,125,125,125,125,125,125,125,125,125,125,0.5,0.5,0.5,0.5,0.5,0.5,0.5,0.5,0.5,0.5,0.5,0.5,0.5,0.5,0.5,0.5,0.5,0.5,0.5,0.5,0.5,0.5,0.5,0.5,54.765,2.0827,0.24138,0.70636,0.13262,0.23842,0.70636,0.057547,12,12
