index,x1,y1,x2,y2,x3,y3,x4,y4,x5,y5,x6,y6,x7,y7,x8,y8,is_on1,is_on2,is_on3,is_on4,is_on5,is_on6,is_on7,is_on8,Time,Total val,AverageLatency1,AverageLinkFailure1,Transparency1,AverageLatency2,AverageLinkFailure2,Transparency2
1,179.33,70.67,179.33,179.33,70.67,70.67,70.67,179.33,179.33,179.33,179.33,70.67,70.67,70.67,179.33,179.33,0.49996,0.49996,0.5,0.5,0.5,0.49996,0.49996,0.49996,13.465,0.51069,0.01106,0.8,-0.080028,0.0051313,0.8,-0.0041072
